name,sec_per_op,CI
Gol/Gol/16x16x1-1-8-8,0.1769311205,2%
Gol/Gol/16x16x1-2-8-8,0.17417198550000002,13%
Gol/Gol/16x16x1-3-8-8,0.17340070700000002,7%
Gol/Gol/16x16x1-4-8-8,0.172295474,3%
Gol/Gol/16x16x1-5-8-8,0.17296747550000002,1%
Gol/Gol/16x16x1-6-8-8,0.17311871550000002,1%
Gol/Gol/16x16x1-7-8-8,0.1735626655,6%
Gol/Gol/16x16x1-8-8-8,0.17325499100000002,24%
Gol/Gol/16x16x1-9-8-8,0.17529071400000001,2%
Gol/Gol/16x16x1-10-8-8,0.17402259650000002,3%
Gol/Gol/16x16x1-11-8-8,0.17466611,2%
Gol/Gol/16x16x1-12-8-8,0.1739498865,20%
Gol/Gol/16x16x1-13-8-8,0.17361231700000002,3%
Gol/Gol/16x16x1-14-8-8,0.17331273500000002,7%
Gol/Gol/16x16x1-15-8-8,0.174847007,578%
Gol/Gol/16x16x1-16-8-8,0.1776496995,6%
Gol/Gol/16x16x50-1-8-8,0.19836214600000002,9%
Gol/Gol/16x16x50-2-8-8,0.20089041700000002,4%
Gol/Gol/16x16x50-3-8-8,0.199298371,2%
Gol/Gol/16x16x50-4-8-8,0.19931908650000002,2%
Gol/Gol/16x16x50-5-8-8,0.200646389,5%
Gol/Gol/16x16x50-6-8-8,0.20194048800000003,1%
Gol/Gol/16x16x50-7-8-8,0.207787871,30%
Gol/Gol/16x16x50-8-8-8,0.208749853,23%
Gol/Gol/16x16x50-9-8-8,0.2012356495,10%
Gol/Gol/16x16x50-10-8-8,0.20087933600000002,4%
Gol/Gol/16x16x50-11-8-8,0.20079948050000002,5%
Gol/Gol/16x16x50-12-8-8,0.200498658,2%
Gol/Gol/16x16x50-13-8-8,0.2006722965,2%
Gol/Gol/16x16x50-14-8-8,0.201085221,4%
Gol/Gol/16x16x50-15-8-8,0.200521314,509%
Gol/Gol/16x16x50-16-8-8,0.201378428,5%
Gol/Gol/16x16x100-1-8-8,0.229547361,2%
Gol/Gol/16x16x100-2-8-8,0.23176995900000003,5%
Gol/Gol/16x16x100-3-8-8,0.23038126800000003,2%
Gol/Gol/16x16x100-4-8-8,0.2387328045,5%
Gol/Gol/16x16x100-5-8-8,0.2379605405,5%
Gol/Gol/16x16x100-6-8-8,0.241972393,5%
Gol/Gol/16x16x100-7-8-8,0.2252019765,7%
Gol/Gol/16x16x100-8-8-8,0.22979164800000002,4%
Gol/Gol/16x16x100-9-8-8,0.225182501,3%
Gol/Gol/16x16x100-10-8-8,0.2280075485,1%
Gol/Gol/16x16x100-11-8-8,0.23041216400000003,4%
Gol/Gol/16x16x100-12-8-8,0.233961301,4%
Gol/Gol/16x16x100-13-8-8,0.230776084,3%
Gol/Gol/16x16x100-14-8-8,0.229873449,1%
Gol/Gol/16x16x100-15-8-8,0.2365819355,7%
Gol/Gol/16x16x100-16-8-8,0.23917806000000003,420%
Gol/Gol/64x64x1-1-8-8,0.18162042250000002,1%
Gol/Gol/64x64x1-2-8-8,0.18016097150000002,2%
Gol/Gol/64x64x1-3-8-8,0.18216231700000002,5%
Gol/Gol/64x64x1-4-8-8,0.18551781900000003,3%
Gol/Gol/64x64x1-5-8-8,0.180262888,8%
Gol/Gol/64x64x1-6-8-8,0.183796486,28%
Gol/Gol/64x64x1-7-8-8,0.19175043800000002,10%
Gol/Gol/64x64x1-8-8-8,0.18401966150000001,47%
Gol/Gol/64x64x1-9-8-8,0.184829984,8%
Gol/Gol/64x64x1-10-8-8,0.18731657000000002,4%
Gol/Gol/64x64x1-11-8-8,0.182259252,1%
Gol/Gol/64x64x1-12-8-8,0.1842343375,5%
Gol/Gol/64x64x1-13-8-8,0.183187452,6%
Gol/Gol/64x64x1-14-8-8,0.18088374100000001,2%
Gol/Gol/64x64x1-15-8-8,0.17978478150000002,1%
Gol/Gol/64x64x1-16-8-8,0.1795242465,10%
Gol/Gol/64x64x50-1-8-8,0.22330683150000002,4%
Gol/Gol/64x64x50-2-8-8,0.21387122000000003,2%
Gol/Gol/64x64x50-3-8-8,0.2138451725,478%
Gol/Gol/64x64x50-4-8-8,0.21353298,4%
Gol/Gol/64x64x50-5-8-8,0.21181758250000002,4%
Gol/Gol/64x64x50-6-8-8,0.21591801300000002,9%
Gol/Gol/64x64x50-7-8-8,0.21304655900000002,9%
Gol/Gol/64x64x50-8-8-8,0.21509724900000002,2%
Gol/Gol/64x64x50-9-8-8,0.2156901065,3%
Gol/Gol/64x64x50-10-8-8,0.21350724199999999,3%
Gol/Gol/64x64x50-11-8-8,0.21596702500000003,2%
Gol/Gol/64x64x50-12-8-8,0.2159659525,7%
Gol/Gol/64x64x50-13-8-8,0.215446945,3%
Gol/Gol/64x64x50-14-8-8,0.2225308115,6%
Gol/Gol/64x64x50-15-8-8,0.215040691,6%
Gol/Gol/64x64x50-16-8-8,0.21664575200000002,6%
Gol/Gol/64x64x100-1-8-8,0.261262541,4%
Gol/Gol/64x64x100-2-8-8,0.2660422225,5%
Gol/Gol/64x64x100-3-8-8,0.2534835905,2%
Gol/Gol/64x64x100-4-8-8,0.254341366,18%
Gol/Gol/64x64x100-5-8-8,0.24965043350000002,414%
Gol/Gol/64x64x100-6-8-8,0.248970421,4%
Gol/Gol/64x64x100-7-8-8,0.2580637375,5%
Gol/Gol/64x64x100-8-8-8,0.26033729400000005,2%
Gol/Gol/64x64x100-9-8-8,0.25129676850000005,2%
Gol/Gol/64x64x100-10-8-8,0.254981192,4%
Gol/Gol/64x64x100-11-8-8,0.250722154,3%
Gol/Gol/64x64x100-12-8-8,0.2582074385,5%
Gol/Gol/64x64x100-13-8-8,0.258774316,5%
Gol/Gol/64x64x100-14-8-8,0.24624030350000004,4%
Gol/Gol/64x64x100-15-8-8,0.25758968250000003,3%
Gol/Gol/64x64x100-16-8-8,0.2519694575,2%
Gol/Gol/512x512x1-1-8-8,1.4073260335000002,11%
Gol/Gol/512x512x1-2-8-8,1.4098151410000002,9%
Gol/Gol/512x512x1-3-8-8,1.3365442325,6%
Gol/Gol/512x512x1-4-8-8,1.3369307900000003,6%
Gol/Gol/512x512x1-5-8-8,1.3614604470000002,5%
Gol/Gol/512x512x1-6-8-8,1.320678511,8%
Gol/Gol/512x512x1-7-8-8,1.3471382745000002,7%
Gol/Gol/512x512x1-8-8-8,1.314268744,9%
Gol/Gol/512x512x1-9-8-8,1.3326126040000001,8%
Gol/Gol/512x512x1-10-8-8,1.3745817375000002,8%
Gol/Gol/512x512x1-11-8-8,1.3146448895,5%
Gol/Gol/512x512x1-12-8-8,1.3272293790000003,5%
Gol/Gol/512x512x1-13-8-8,1.3771389055,14%
Gol/Gol/512x512x1-14-8-8,1.4132794100000001,4%
Gol/Gol/512x512x1-15-8-8,1.327445967,8%
Gol/Gol/512x512x1-16-8-8,1.3444951695,4%
Gol/Gol/512x512x50-1-8-8,1.7771375970000003,27%
Gol/Gol/512x512x50-2-8-8,1.7669274710000002,4%
Gol/Gol/512x512x50-3-8-8,1.7036003895,5%
Gol/Gol/512x512x50-4-8-8,1.7979560300000001,19%
Gol/Gol/512x512x50-5-8-8,1.767450503,16%
Gol/Gol/512x512x50-6-8-8,1.6949479370000002,4%
Gol/Gol/512x512x50-7-8-8,1.8412635405000002,26%
Gol/Gol/512x512x50-8-8-8,1.7803703615000002,5%
Gol/Gol/512x512x50-9-8-8,1.7354520395000002,6%
Gol/Gol/512x512x50-10-8-8,1.8858321755,24%
Gol/Gol/512x512x50-11-8-8,1.797781354,6%
Gol/Gol/512x512x50-12-8-8,1.7357668150000003,6%
Gol/Gol/512x512x50-13-8-8,1.7969421105,5%
Gol/Gol/512x512x50-14-8-8,1.7165739290000002,6%
Gol/Gol/512x512x50-15-8-8,1.8484112585,7%
Gol/Gol/512x512x50-16-8-8,1.8114124805,45%
Gol/Gol/512x512x100-1-8-8,2.188460474,12%
Gol/Gol/512x512x100-2-8-8,2.2984975810000003,4%
Gol/Gol/512x512x100-3-8-8,2.247191282,10%
Gol/Gol/512x512x100-4-8-8,2.2696233395,7%
Gol/Gol/512x512x100-5-8-8,2.2376166305000003,11%
Gol/Gol/512x512x100-6-8-8,2.163885476,16%
Gol/Gol/512x512x100-7-8-8,2.2068219175,5%
Gol/Gol/512x512x100-8-8-8,2.1742487340000003,15%
Gol/Gol/512x512x100-9-8-8,2.205727328,9%
Gol/Gol/512x512x100-10-8-8,2.188338868,17%
Gol/Gol/512x512x100-11-8-8,2.1496909675,4%
Gol/Gol/512x512x100-12-8-8,2.1807737200000004,6%
Gol/Gol/512x512x100-13-8-8,2.2169596910000005,15%
Gol/Gol/512x512x100-14-8-8,2.1417248795,3%
Gol/Gol/512x512x100-15-8-8,2.1350451565000004,4%
Gol/Gol/512x512x100-16-8-8,2.1557740340000002,3%
